{
  "backprop" : true,
  "backpropType" : "Standard",
  "cacheMode" : "NONE",
  "confs" : [ {
    "cacheMode" : "NONE",
    "epochCount" : 0,
    "iterationCount" : 0,
    "l1ByParam" : {
      "b" : 0.0,
      "W" : 0.0
    },
    "l2ByParam" : {
      "b" : 0.0,
      "W" : 0.0
    },
    "layer" : {
      "dense" : {
        "activationFn" : {
          "ReLU" : { }
        },
        "biasInit" : 0.0,
        "biasUpdater" : null,
        "constraints" : null,
        "dist" : {
          "type" : "org.deeplearning4j.nn.conf.distribution.UniformDistribution",
          "lower" : -0.05,
          "upper" : 0.05
        },
        "gradientNormalization" : "None",
        "gradientNormalizationThreshold" : 1.0,
        "hasBias" : true,
        "idropout" : {
          "@class" : "org.deeplearning4j.nn.conf.dropout.Dropout",
          "p" : 1.0,
          "pschedule" : null
        },
        "iupdater" : {
          "@class" : "org.nd4j.linalg.learning.config.Sgd",
          "learningRate" : 0.001
        },
        "l1" : 0.0,
        "l1Bias" : 0.0,
        "l2" : 0.0,
        "l2Bias" : 0.0,
        "layerName" : "dense_1",
        "nin" : 36,
        "nout" : 30,
        "weightInit" : "DISTRIBUTION",
        "weightNoise" : null
      }
    },
    "maxNumLineSearchIterations" : 5,
    "miniBatch" : true,
    "minimize" : true,
    "optimizationAlgo" : "STOCHASTIC_GRADIENT_DESCENT",
    "pretrain" : false,
    "seed" : 1526046571184,
    "stepFunction" : null,
    "variables" : [ "W", "b" ]
  }, {
    "cacheMode" : "NONE",
    "epochCount" : 0,
    "iterationCount" : 0,
    "l1ByParam" : {
      "b" : 0.0,
      "W" : 0.0
    },
    "l2ByParam" : {
      "b" : 0.0,
      "W" : 0.0
    },
    "layer" : {
      "dense" : {
        "activationFn" : {
          "ReLU" : { }
        },
        "biasInit" : 0.0,
        "biasUpdater" : null,
        "constraints" : null,
        "dist" : {
          "type" : "org.deeplearning4j.nn.conf.distribution.UniformDistribution",
          "lower" : -0.05,
          "upper" : 0.05
        },
        "gradientNormalization" : "None",
        "gradientNormalizationThreshold" : 1.0,
        "hasBias" : true,
        "idropout" : {
          "@class" : "org.deeplearning4j.nn.conf.dropout.Dropout",
          "p" : 1.0,
          "pschedule" : null
        },
        "iupdater" : {
          "@class" : "org.nd4j.linalg.learning.config.Sgd",
          "learningRate" : 0.001
        },
        "l1" : 0.0,
        "l1Bias" : 0.0,
        "l2" : 0.0,
        "l2Bias" : 0.0,
        "layerName" : "dense_2",
        "nin" : 30,
        "nout" : 30,
        "weightInit" : "DISTRIBUTION",
        "weightNoise" : null
      }
    },
    "maxNumLineSearchIterations" : 5,
    "miniBatch" : true,
    "minimize" : true,
    "optimizationAlgo" : "STOCHASTIC_GRADIENT_DESCENT",
    "pretrain" : false,
    "seed" : 1526046571184,
    "stepFunction" : null,
    "variables" : [ "W", "b" ]
  }, {
    "cacheMode" : "NONE",
    "epochCount" : 0,
    "iterationCount" : 0,
    "l1ByParam" : {
      "b" : 0.0,
      "W" : 0.0
    },
    "l2ByParam" : {
      "b" : 0.0,
      "W" : 0.0
    },
    "layer" : {
      "dense" : {
        "activationFn" : {
          "ReLU" : { }
        },
        "biasInit" : 0.0,
        "biasUpdater" : null,
        "constraints" : null,
        "dist" : {
          "type" : "org.deeplearning4j.nn.conf.distribution.UniformDistribution",
          "lower" : -0.05,
          "upper" : 0.05
        },
        "gradientNormalization" : "None",
        "gradientNormalizationThreshold" : 1.0,
        "hasBias" : true,
        "idropout" : {
          "@class" : "org.deeplearning4j.nn.conf.dropout.Dropout",
          "p" : 1.0,
          "pschedule" : null
        },
        "iupdater" : {
          "@class" : "org.nd4j.linalg.learning.config.Sgd",
          "learningRate" : 0.001
        },
        "l1" : 0.0,
        "l1Bias" : 0.0,
        "l2" : 0.0,
        "l2Bias" : 0.0,
        "layerName" : "dense_3",
        "nin" : 30,
        "nout" : 20,
        "weightInit" : "DISTRIBUTION",
        "weightNoise" : null
      }
    },
    "maxNumLineSearchIterations" : 5,
    "miniBatch" : true,
    "minimize" : true,
    "optimizationAlgo" : "STOCHASTIC_GRADIENT_DESCENT",
    "pretrain" : false,
    "seed" : 1526046571184,
    "stepFunction" : null,
    "variables" : [ "W", "b" ]
  }, {
    "cacheMode" : "NONE",
    "epochCount" : 0,
    "iterationCount" : 0,
    "l1ByParam" : {
      "b" : 0.0,
      "W" : 0.0
    },
    "l2ByParam" : {
      "b" : 0.0,
      "W" : 0.0
    },
    "layer" : {
      "dense" : {
        "activationFn" : {
          "Softmax" : { }
        },
        "biasInit" : 0.0,
        "biasUpdater" : null,
        "constraints" : null,
        "dist" : {
          "type" : "org.deeplearning4j.nn.conf.distribution.UniformDistribution",
          "lower" : -0.05,
          "upper" : 0.05
        },
        "gradientNormalization" : "None",
        "gradientNormalizationThreshold" : 1.0,
        "hasBias" : true,
        "idropout" : {
          "@class" : "org.deeplearning4j.nn.conf.dropout.Dropout",
          "p" : 1.0,
          "pschedule" : null
        },
        "iupdater" : {
          "@class" : "org.nd4j.linalg.learning.config.Sgd",
          "learningRate" : 0.001
        },
        "l1" : 0.0,
        "l1Bias" : 0.0,
        "l2" : 0.0,
        "l2Bias" : 0.0,
        "layerName" : "dense_4",
        "nin" : 20,
        "nout" : 5,
        "weightInit" : "DISTRIBUTION",
        "weightNoise" : null
      }
    },
    "maxNumLineSearchIterations" : 5,
    "miniBatch" : true,
    "minimize" : true,
    "optimizationAlgo" : "STOCHASTIC_GRADIENT_DESCENT",
    "pretrain" : false,
    "seed" : 1526046571184,
    "stepFunction" : null,
    "variables" : [ "W", "b" ]
  }, {
    "cacheMode" : "NONE",
    "epochCount" : 0,
    "iterationCount" : 0,
    "l1ByParam" : { },
    "l2ByParam" : { },
    "layer" : {
      "loss" : {
        "activationFn" : {
          "Identity" : { }
        },
        "biasInit" : 0.0,
        "biasUpdater" : null,
        "constraints" : null,
        "dist" : null,
        "gradientNormalization" : "None",
        "gradientNormalizationThreshold" : 1.0,
        "idropout" : null,
        "iupdater" : {
          "@class" : "org.nd4j.linalg.learning.config.Sgd",
          "learningRate" : 0.001
        },
        "l1" : 0.0,
        "l1Bias" : 0.0,
        "l2" : 0.0,
        "l2Bias" : 0.0,
        "layerName" : "dense_4_loss",
        "lossFn" : {
          "MCXENT" : {
            "softmaxClipEps" : 1.0E-10,
            "configProperties" : false
          }
        },
        "nin" : 5,
        "nout" : 0,
        "weightInit" : "XAVIER",
        "weightNoise" : null
      }
    },
    "maxNumLineSearchIterations" : 5,
    "miniBatch" : true,
    "minimize" : true,
    "optimizationAlgo" : "STOCHASTIC_GRADIENT_DESCENT",
    "pretrain" : false,
    "seed" : 1526046571184,
    "stepFunction" : null,
    "variables" : [ ]
  } ],
  "epochCount" : 0,
  "inferenceWorkspaceMode" : "SEPARATE",
  "inputPreProcessors" : { },
  "iterationCount" : 0,
  "pretrain" : false,
  "tbpttBackLength" : 20,
  "tbpttFwdLength" : 20,
  "trainingWorkspaceMode" : "SEPARATE"
}